name,phoneNumber,email,address,userAgent,hexcolor
"Stanton Boehm",+14635691739,carey.bartoletti@fritsch.net,"58456 Stehr Point Suite 600
Lake Alysonland, KY 17726-4266","Opera/8.33 (Windows NT 5.01; en-US) Presto/2.12.258 Version/12.00",#42a36a
"Dr. Keon Corwin",+1.409.684.6343,abshire.jaunita@white.info,"144 Erin Ville
Clayfurt, TN 62167-5711","Mozilla/5.0 (compatible; MSIE 6.0; Windows 98; Trident/5.0)",#aab7b6
"Creola Medhurst",1-539-557-2833,jedediah98@haley.org,"55623 Okuneva Port
Klockoville, MS 27049-0732","Mozilla/5.0 (Macintosh; Intel Mac OS X 10_5_0) AppleWebKit/5332 (KHTML, like Gecko) Chrome/36.0.874.0 Mobile Safari/5332",#85b3c7
"Ignatius D'Amore PhD",625-385-9554,maybell.johnston@hotmail.com,"377 Sporer Island
Bryonbury, VA 84110","Mozilla/5.0 (Windows 98; en-US; rv:1.9.0.20) Gecko/20240510 Firefox/37.0",#b2908a
"Mr. Mohammed Koch III",+1.825.305.8164,stroman.elenora@hotmail.com,"60343 Hodkiewicz Haven
Collierfort, AK 03650","Opera/8.81 (X11; Linux x86_64; sl-SI) Presto/2.12.264 Version/12.00",#943808
"Bonnie Ryan","+1 (468) 274-8050",hvon@gmail.com,"6267 Sherman Brook Suite 594
Port Tysonshire, MN 14764-3506","Mozilla/5.0 (X11; Linux i686) AppleWebKit/5341 (KHTML, like Gecko) Chrome/36.0.851.0 Mobile Safari/5341",#ffc43b
"Heather Hammes DVM","+1 (623) 896-9009",myles85@hegmann.com,"83175 Bud Mountain
Lake Maximehaven, PA 82153-4159","Mozilla/5.0 (Macintosh; PPC Mac OS X 10_5_7) AppleWebKit/5362 (KHTML, like Gecko) Chrome/36.0.862.0 Mobile Safari/5362",#71ce69
"Mr. Sherwood Collins","+1 (286) 740-2982",shea77@yahoo.com,"597 Alexandre Dale Apt. 482
New Leilani, TN 60487-1864","Mozilla/5.0 (Windows NT 5.01) AppleWebKit/5330 (KHTML, like Gecko) Chrome/40.0.822.0 Mobile Safari/5330",#4bbf47
"Ms. Lorna Wilderman","(917) 873-0152",wendy.stark@kuhic.biz,"739 Fay Club Suite 918
New Emiliano, AK 45366","Opera/8.55 (Windows 95; sl-SI) Presto/2.10.204 Version/11.00",#ddee1e
"Adelia Keebler",357-803-4463,ntremblay@gmail.com,"64559 Langworth Unions Apt. 796
Daltonborough, GA 76659-1354","Opera/8.62 (X11; Linux i686; sl-SI) Presto/2.10.176 Version/10.00",#9c91e4
"Amiya Kiehn","(275) 869-1349",jbradtke@kulas.com,"493 Blanda Ferry
New Julie, NV 36737-4041","Opera/8.96 (Windows NT 4.0; en-US) Presto/2.12.259 Version/10.00",#0fccfd
"Ada Mertz",1-341-233-5364,umayer@hotmail.com,"46764 Luis Plaza Apt. 741
New Leilani, MI 91126","Mozilla/5.0 (Windows 98; sl-SI; rv:1.9.0.20) Gecko/20150709 Firefox/36.0",#d8d393
"Nicholaus Feil",+1.451.576.9778,sylvan22@gutkowski.com,"163 Aurelia Extension Suite 478
Orinborough, NM 22287","Opera/8.78 (Windows CE; en-US) Presto/2.11.304 Version/11.00",#03dcc3
"Mr. Alex Fahey",+1.908.676.2786,irma16@pollich.com,"1848 Runolfsson Summit Apt. 762
East Jamel, RI 21761","Opera/8.73 (X11; Linux x86_64; en-US) Presto/2.11.167 Version/10.00",#871e7c
"Matteo Bechtelar",364-440-8205,ihammes@yahoo.com,"587 Lavinia Station
Keelingborough, RI 41271-7443","Opera/8.93 (Windows NT 5.01; sl-SI) Presto/2.8.249 Version/11.00",#ae2602
"Sheridan Ziemann","(882) 467-4488",gbradtke@schaefer.com,"4913 Oberbrunner Squares Suite 517
Prudenceville, DC 25554","Mozilla/5.0 (Macintosh; U; Intel Mac OS X 10_8_6 rv:3.0; sl-SI) AppleWebKit/531.5.4 (KHTML, like Gecko) Version/5.1 Safari/531.5.4",#870e68
"Mitchel Baumbach",+16793139919,rwindler@hotmail.com,"49178 Lazaro Meadow
Port Laisha, KY 32502","Mozilla/5.0 (Macintosh; Intel Mac OS X 10_8_3) AppleWebKit/5321 (KHTML, like Gecko) Chrome/36.0.820.0 Mobile Safari/5321",#c57877
"Elva Jacobi","+1 (646) 982-3440",stoltenberg.nicola@gmail.com,"4183 Gaylord Forge Suite 204
Jovanbury, SD 57440","Mozilla/5.0 (Windows NT 5.01; en-US; rv:1.9.1.20) Gecko/20220110 Firefox/37.0",#d2d429
"Cale Gorczany MD",+1-554-248-7655,krenner@daugherty.org,"34436 Stroman Springs Apt. 523
New Boydside, ME 42934-6438","Mozilla/5.0 (Macintosh; U; PPC Mac OS X 10_6_9 rv:4.0; en-US) AppleWebKit/533.23.2 (KHTML, like Gecko) Version/4.0.4 Safari/533.23.2",#2e4ab9
"Mr. Kraig Farrell","+1 (510) 973-4344",blaise.dicki@gmail.com,"8927 Ezekiel Bridge Suite 682
West Paris, PA 33722-7310","Mozilla/5.0 (Windows NT 5.0; sl-SI; rv:1.9.0.20) Gecko/20110326 Firefox/35.0",#9772f4
"Prof. Micheal Kozey IV",+1.240.591.2553,jarod.waelchi@dach.com,"231 Tyson Heights Suite 881
Stoltenbergfurt, MT 17781","Mozilla/5.0 (X11; Linux i686; rv:6.0) Gecko/20180125 Firefox/37.0",#2ca114
"Audreanne Ritchie",+1-554-448-1098,janie.pagac@yahoo.com,"5392 Koepp Light Suite 363
Carolineton, CT 77992-9220","Mozilla/5.0 (Windows NT 6.2; sl-SI; rv:1.9.0.20) Gecko/20171103 Firefox/36.0",#711bdb
"Norwood Schaefer","(426) 940-8289",shanahan.brenna@gmail.com,"878 Dickens Valley Apt. 827
Quintenmouth, OR 82739-3454","Mozilla/5.0 (iPad; CPU OS 8_0_1 like Mac OS X; en-US) AppleWebKit/531.21.3 (KHTML, like Gecko) Version/3.0.5 Mobile/8B111 Safari/6531.21.3",#fd2eb0
"Leola Thiel",1-609-779-5496,cronin.flavie@hotmail.com,"648 Loyal Route
East Jace, LA 35889","Mozilla/5.0 (Macintosh; PPC Mac OS X 10_6_6) AppleWebKit/5321 (KHTML, like Gecko) Chrome/39.0.860.0 Mobile Safari/5321",#17750f
"Ada Botsford",+1-278-908-9803,alaina04@gmail.com,"920 Zieme Parkway
Alejandrinhaven, FL 08452","Mozilla/5.0 (iPhone; CPU iPhone OS 7_1_1 like Mac OS X; en-US) AppleWebKit/534.1.1 (KHTML, like Gecko) Version/4.0.5 Mobile/8B115 Safari/6534.1.1",#ca7bc5
"Mohammad Monahan","(861) 246-2755",rmarquardt@gmail.com,"8450 Myrl Glen Suite 663
North Domenick, CO 89697","Mozilla/5.0 (Macintosh; PPC Mac OS X 10_8_0 rv:3.0; en-US) AppleWebKit/531.19.2 (KHTML, like Gecko) Version/5.0.5 Safari/531.19.2",#7e5e65
"Prof. Beryl Becker Jr.",+1.715.392.2232,shaylee.cronin@hotmail.com,"558 Tiara Way
Turcottemouth, MD 33899","Mozilla/5.0 (Windows NT 6.2; sl-SI; rv:1.9.1.20) Gecko/20230926 Firefox/36.0",#51c105
"Norma Kuhic",+1-361-740-1942,casper74@kub.info,"2950 Champlin Branch
West Anastasia, FL 12793-4713","Mozilla/5.0 (Macintosh; Intel Mac OS X 10_7_4) AppleWebKit/5310 (KHTML, like Gecko) Chrome/38.0.870.0 Mobile Safari/5310",#7a34cd
"Ethelyn McLaughlin","(359) 409-2946",rsanford@gmail.com,"7082 Shania Knoll
Port Kurtisland, SD 41964-5846","Opera/9.47 (Windows NT 6.2; sl-SI) Presto/2.10.290 Version/11.00",#638158
"Rebecca Krajcik",348-797-4102,christine53@yahoo.com,"483 Audra Run Apt. 967
Port Maddison, ID 22465","Mozilla/5.0 (Windows NT 4.0; sl-SI; rv:1.9.0.20) Gecko/20151009 Firefox/35.0",#622514
"Cesar Morar",484.201.4627,dach.madison@cole.com,"2002 Geo Garden Apt. 703
Port Dustinmouth, SD 46369-7279","Mozilla/5.0 (Macintosh; PPC Mac OS X 10_7_1 rv:3.0) Gecko/20221014 Firefox/35.0",#70589c
"Patrick Kunde",495-278-1877,daisha62@schumm.com,"10253 Monique Orchard Apt. 803
Mooreport, LA 96845","Mozilla/5.0 (compatible; MSIE 8.0; Windows NT 6.2; Trident/5.1)",#01d177
"Ms. Maeve Collins MD",469-519-6062,bailee.gaylord@bode.com,"594 Tillman Burgs
Stoneshire, DC 68017-3367","Mozilla/5.0 (Windows CE; en-US; rv:1.9.0.20) Gecko/20180508 Firefox/36.0",#cc8660
"Carmen Schulist",+1.281.576.9514,brett.gerhold@yahoo.com,"5630 Johnson Meadows Suite 638
Abigailmouth, WV 37939","Mozilla/5.0 (compatible; MSIE 9.0; Windows 95; Trident/4.0)",#fedc8e
"Dr. Colton Hodkiewicz Sr.",506-755-6668,qchristiansen@yahoo.com,"43252 Simonis Parks Apt. 161
Hackettburgh, IL 92211","Mozilla/5.0 (Windows; U; Windows NT 5.1) AppleWebKit/535.22.2 (KHTML, like Gecko) Version/4.0 Safari/535.22.2",#ba1d83
"Narciso Leannon",620-256-3686,marilou40@koss.com,"46512 Sean Causeway
Conormouth, OH 49209-4799","Opera/8.58 (X11; Linux x86_64; en-US) Presto/2.12.255 Version/11.00",#767d93
"Karli Rosenbaum III",906-892-2346,lucie.johns@gmail.com,"49623 Powlowski Courts Apt. 158
West Aniyaborough, HI 81711","Mozilla/5.0 (compatible; MSIE 9.0; Windows CE; Trident/5.1)",#0e2b54
"Prof. Margarette Bogan",664-817-0000,yherzog@yahoo.com,"8532 Yadira Greens
East Aimeeburgh, AL 05975","Mozilla/5.0 (X11; Linux x86_64) AppleWebKit/5340 (KHTML, like Gecko) Chrome/36.0.841.0 Mobile Safari/5340",#b142c2
"Janice Emmerich",1-810-739-8343,eebert@bernhard.com,"9666 Kaylah Ramp
West Joanview, CO 00141-7866","Mozilla/5.0 (iPhone; CPU iPhone OS 8_2_1 like Mac OS X; sl-SI) AppleWebKit/533.36.7 (KHTML, like Gecko) Version/4.0.5 Mobile/8B112 Safari/6533.36.7",#b7cd97
"Afton Stroman","(509) 824-2406",johnathan.mills@blick.com,"7253 Goodwin Causeway
South Kennith, VA 03542","Mozilla/5.0 (X11; Linux x86_64) AppleWebKit/5322 (KHTML, like Gecko) Chrome/39.0.894.0 Mobile Safari/5322",#d6ec03
"Andres D'Amore","+1 (302) 754-0759",eichmann.abdullah@adams.com,"97175 Kendrick Spring Suite 704
Kreigerstad, LA 85102-5681","Mozilla/5.0 (Macintosh; PPC Mac OS X 10_7_1) AppleWebKit/5351 (KHTML, like Gecko) Chrome/39.0.886.0 Mobile Safari/5351",#20e746
"Prof. Angelo Deckow III","(394) 950-4744",cleo.hackett@yahoo.com,"7559 Amina Plain
North Emmie, TN 86769-7574","Mozilla/5.0 (Windows NT 6.1) AppleWebKit/5352 (KHTML, like Gecko) Chrome/37.0.845.0 Mobile Safari/5352",#20df72
"Mr. Lonzo Casper",1-253-547-7622,vidal.stracke@moore.com,"97171 Demetrius Crossing
West Dangeloview, SD 43076-6353","Opera/9.98 (X11; Linux x86_64; sl-SI) Presto/2.12.261 Version/12.00",#0db550
"Clara Parisian",659.465.9333,brice.bahringer@barton.org,"5865 Gaylord Parkways
New Camyllebury, VT 34628","Mozilla/5.0 (compatible; MSIE 11.0; Windows 95; Trident/3.0)",#990004
"Prof. Pearl Rippin DVM",543-392-5132,hilpert.aaliyah@yahoo.com,"301 Kaya Valleys
Doylestad, WA 43531-6228","Mozilla/5.0 (Windows; U; Windows 98; Win 9x 4.90) AppleWebKit/535.11.7 (KHTML, like Gecko) Version/5.1 Safari/535.11.7",#c469a2
"Miss Lucile Romaguera IV",381-284-9884,cummings.pansy@conn.org,"40337 Howell Camp Suite 314
East Eloyshire, OR 44798","Opera/8.42 (Windows CE; sl-SI) Presto/2.9.163 Version/12.00",#0da976
"Dalton Mitchell",728.345.0351,haylie96@gmail.com,"1531 Von Track
Delberttown, WI 13102","Mozilla/5.0 (Windows; U; Windows 95) AppleWebKit/533.48.7 (KHTML, like Gecko) Version/4.1 Safari/533.48.7",#d90594
"Foster Wolff MD","+1 (425) 792-6912",mortimer99@hotmail.com,"9516 Nannie Way
Tristianbury, TN 49399-6610","Mozilla/5.0 (Windows NT 5.01) AppleWebKit/5321 (KHTML, like Gecko) Chrome/36.0.895.0 Mobile Safari/5321",#701e36
"Hilma Wiza IV",620.781.8245,jaylin24@kub.com,"45988 Gerry Village
Kilbackborough, IL 22635-9403","Mozilla/5.0 (Macintosh; U; PPC Mac OS X 10_6_7 rv:5.0; en-US) AppleWebKit/533.25.2 (KHTML, like Gecko) Version/4.1 Safari/533.25.2",#51472e
"Chris McGlynn V",202-582-7864,fmclaughlin@gmail.com,"79246 Howe Curve
Rolfsonview, GA 11510-9781","Mozilla/5.0 (Macintosh; U; PPC Mac OS X 10_6_3 rv:3.0) Gecko/20151116 Firefox/36.0",#aba7c8
"Winfield Aufderhar",+1-361-761-4142,louvenia21@yahoo.com,"521 Shirley Mountains
Port Claudiaville, MT 14521-6115","Mozilla/5.0 (iPad; CPU OS 7_1_1 like Mac OS X; en-US) AppleWebKit/532.22.6 (KHTML, like Gecko) Version/3.0.5 Mobile/8B117 Safari/6532.22.6",#007625
"Donna Von",+13579481332,august88@hodkiewicz.biz,"88056 Lauriane Key
Janicemouth, OH 09489","Mozilla/5.0 (Windows NT 6.2; en-US; rv:1.9.1.20) Gecko/20150121 Firefox/35.0",#21226f
"Lenna Brown","(813) 350-9331",mckenzie.merle@bode.com,"9497 Ofelia Crossroad Apt. 739
Tadland, VA 45096-7017","Opera/8.65 (Windows NT 5.1; sl-SI) Presto/2.12.192 Version/11.00",#f0984b
"Ryley Kohler","+1 (408) 439-7974",odare@hotmail.com,"27539 Silas Keys Suite 622
West Samara, NJ 64298","Mozilla/5.0 (Macintosh; U; PPC Mac OS X 10_8_9 rv:2.0; en-US) AppleWebKit/532.3.6 (KHTML, like Gecko) Version/5.1 Safari/532.3.6",#76ce49
"Evangeline Eichmann",482-545-6920,lula.lowe@swift.com,"88621 Celia Locks Apt. 155
Wintheiserville, IL 94173","Mozilla/5.0 (X11; Linux i686; rv:6.0) Gecko/20160207 Firefox/35.0",#f09e69
"Wilmer Powlowski",+15917821864,champlin.cristopher@gmail.com,"523 Karina Lane Suite 481
West Domenick, ND 39126-5815","Mozilla/5.0 (Macintosh; Intel Mac OS X 10_6_4 rv:2.0; sl-SI) AppleWebKit/533.21.7 (KHTML, like Gecko) Version/4.0.2 Safari/533.21.7",#5704be
"Elinore Lueilwitz",1-854-476-5882,consuelo70@gmail.com,"4375 Erdman Meadows Apt. 331
Hoppeville, TX 73370-4421","Mozilla/5.0 (Windows 98; Win 9x 4.90) AppleWebKit/5362 (KHTML, like Gecko) Chrome/40.0.867.0 Mobile Safari/5362",#0c5142
"Mrs. Amiya Hahn III","(318) 524-1359",aubrey49@gmail.com,"8204 Citlalli Vista Apt. 333
Port Laisha, OH 56209-6560","Mozilla/5.0 (X11; Linux i686; rv:7.0) Gecko/20160803 Firefox/37.0",#fc6047
"Rosemary Fahey","(353) 348-2306",fritsch.frederick@hayes.com,"67409 Noemi Crossing Apt. 102
Justineberg, NV 52803","Mozilla/5.0 (compatible; MSIE 10.0; Windows NT 4.0; Trident/3.1)",#9d448f
"Dangelo Abbott",742.632.0253,jasper46@hotmail.com,"999 Delta Cliff Apt. 944
Lake Maybellechester, DC 57994","Mozilla/5.0 (X11; Linux x86_64; rv:5.0) Gecko/20130730 Firefox/36.0",#be5b4d
"Alejandrin Schumm",232-248-8988,dwelch@hotmail.com,"8619 Ona Estate Apt. 902
East Nedview, NJ 08085","Opera/8.14 (Windows 98; sl-SI) Presto/2.12.253 Version/10.00",#728c71
"Darby Wisoky","+1 (535) 869-4243",cristian.hudson@larson.net,"523 Lesch Lakes Suite 502
Tessside, NE 17697","Mozilla/5.0 (Macintosh; U; Intel Mac OS X 10_6_7 rv:4.0) Gecko/20200614 Firefox/37.0",#77780b
"Lou Osinski",+1-379-496-9518,lstark@gmail.com,"6633 Schulist Lake Suite 786
Kuvalisport, WY 52344","Mozilla/5.0 (iPhone; CPU iPhone OS 7_1_1 like Mac OS X; sl-SI) AppleWebKit/531.44.1 (KHTML, like Gecko) Version/4.0.5 Mobile/8B119 Safari/6531.44.1",#9edc39
"Everardo Monahan",1-732-803-8582,denesik.dedric@hayes.com,"4534 Tanner Circle
New Chaim, CT 51643","Mozilla/5.0 (Windows NT 5.01) AppleWebKit/5361 (KHTML, like Gecko) Chrome/38.0.835.0 Mobile Safari/5361",#0acd2d
"Norberto Denesik","(489) 935-9570",monahan.norbert@hotmail.com,"6301 Tyrell Forest Apt. 435
Friedaview, OH 43773","Mozilla/5.0 (Windows CE) AppleWebKit/5351 (KHTML, like Gecko) Chrome/39.0.861.0 Mobile Safari/5351",#c423eb
"Jedediah Keebler",742.253.4574,xwyman@yahoo.com,"4733 Deion Mountain Suite 055
New Vergie, NY 23895-4729","Mozilla/5.0 (Windows NT 5.01) AppleWebKit/5342 (KHTML, like Gecko) Chrome/36.0.804.0 Mobile Safari/5342",#289739
"Winston Auer","(996) 424-9682",jarvis53@feest.com,"392 Brandy Glens Apt. 228
Gislasonton, AR 12710","Mozilla/5.0 (iPhone; CPU iPhone OS 7_1_1 like Mac OS X; sl-SI) AppleWebKit/533.5.6 (KHTML, like Gecko) Version/4.0.5 Mobile/8B114 Safari/6533.5.6",#3822cc
"Darian Padberg",1-956-306-5727,kris.otis@sawayn.com,"183 Camila Drive
West Ednaport, NC 97149","Mozilla/5.0 (Windows 98; sl-SI; rv:1.9.0.20) Gecko/20110825 Firefox/35.0",#6f8b4a
"Josefina Prosacco",1-650-860-6435,karl.beahan@gmail.com,"275 Ward Village Suite 925
Beattyville, NC 82343","Opera/9.19 (X11; Linux x86_64; sl-SI) Presto/2.9.250 Version/10.00",#63f910
"Nigel Lockman",664.827.4266,avis.huel@ondricka.com,"84619 Winston Lodge
Deckowville, SC 04627-1979","Mozilla/5.0 (X11; Linux x86_64; rv:5.0) Gecko/20220522 Firefox/36.0",#ef9852
"Dr. Augusta Kihn",+1.338.977.4526,fritchie@gmail.com,"1374 Hauck Rest
West Eldonport, ID 17941","Opera/9.44 (X11; Linux i686; en-US) Presto/2.11.166 Version/11.00",#671d23
"Abdullah Altenwerth",+1-531-910-6567,trantow.marquis@yahoo.com,"50935 Jasmin Ferry Suite 793
Lake Bill, ID 52653","Mozilla/5.0 (Windows NT 4.0; en-US; rv:1.9.1.20) Gecko/20110811 Firefox/36.0",#345b2b
"Dr. Clay Emard DDS",1-276-747-6015,sophie.leuschke@hotmail.com,"3601 Waters Port Suite 494
East Clair, CO 92478","Opera/8.72 (X11; Linux x86_64; sl-SI) Presto/2.10.216 Version/12.00",#d28b5b
"Jamey Waelchi",+1-662-503-1238,bart58@heaney.biz,"46788 Flossie Circle
New Jessyca, ME 46569-1875","Opera/9.14 (X11; Linux i686; en-US) Presto/2.9.223 Version/12.00",#c0fa9e
"Assunta Price",+1-758-804-2433,audie.pacocha@barton.info,"269 George Island Suite 405
New Marvinshire, AR 32252-9610","Mozilla/5.0 (Windows NT 6.2; en-US; rv:1.9.0.20) Gecko/20180712 Firefox/35.0",#da60a5
"Prof. Nathaniel Schowalter",+1-916-200-7940,khalil25@hotmail.com,"824 Haag Heights Suite 937
South Kayleyside, SD 13951-5583","Mozilla/5.0 (Windows; U; Windows NT 6.1) AppleWebKit/534.41.5 (KHTML, like Gecko) Version/5.0.5 Safari/534.41.5",#10b1d0
"Prof. Cora Cummerata",+1.671.493.6743,ondricka.carli@gmail.com,"746 Vandervort Street Suite 809
Faheyhaven, MI 40606-1186","Mozilla/5.0 (compatible; MSIE 9.0; Windows NT 6.1; Trident/3.0)",#e20a5c
"August Dickinson",820-426-9194,cronin.heath@gmail.com,"1374 Langosh Mews Suite 311
Gradyburgh, AK 93945-3886","Mozilla/5.0 (Macintosh; U; PPC Mac OS X 10_7_6 rv:4.0; sl-SI) AppleWebKit/531.17.2 (KHTML, like Gecko) Version/5.0.5 Safari/531.17.2",#589491
"Ruth Veum","+1 (626) 516-3626",vida.pagac@torp.org,"71386 Romaguera Plain
Wizaburgh, IN 96430","Mozilla/5.0 (Macintosh; PPC Mac OS X 10_6_1) AppleWebKit/5351 (KHTML, like Gecko) Chrome/36.0.848.0 Mobile Safari/5351",#e0e5f6
"Prof. Buddy Lehner Sr.",585.826.5358,shields.misael@yahoo.com,"458 Swaniawski Bridge Suite 712
South Ravenhaven, MA 41884","Mozilla/5.0 (Windows NT 5.0; en-US; rv:1.9.0.20) Gecko/20110820 Firefox/35.0",#57bed2
"Kacie Ziemann","(921) 500-4466",sydni.jacobson@yahoo.com,"95922 Olson Cape Suite 451
Metzhaven, MN 72932","Mozilla/5.0 (Windows; U; Windows NT 5.2) AppleWebKit/532.38.2 (KHTML, like Gecko) Version/5.0 Safari/532.38.2",#55a178
"Jade Turcotte",1-263-870-8130,brosenbaum@wintheiser.com,"49604 Robyn Island
West Robbiefurt, SD 36972","Mozilla/5.0 (Macintosh; U; Intel Mac OS X 10_7_5 rv:2.0) Gecko/20130803 Firefox/35.0",#eaa3d0
"Raul Koch",+1-457-530-9690,sbaumbach@daugherty.net,"766 Roob Radial
Port Sadie, PA 25718-0530","Mozilla/5.0 (compatible; MSIE 9.0; Windows CE; Trident/4.1)",#e51a75
"Ray Haag",1-387-458-2490,fmueller@yahoo.com,"50886 Homenick Tunnel
Port Erafurt, IN 72031-3822","Mozilla/5.0 (compatible; MSIE 10.0; Windows 98; Trident/5.0)",#097979
"Dr. Randall Sawayn DVM",+1.536.764.5401,carroll.selina@torphy.net,"812 Patsy Fall
Port Ernestinehaven, RI 31361-5235","Opera/8.63 (Windows NT 6.2; sl-SI) Presto/2.10.355 Version/12.00",#513581
"Prof. Noemie Schulist",+1-676-246-8543,windler.abdullah@hotmail.com,"553 Nathanial Harbors Suite 200
West Verliechester, IA 69374-2233","Opera/9.24 (X11; Linux i686; en-US) Presto/2.9.195 Version/10.00",#fa6df4
"Dr. Lyric Lynch",+19385202501,aliya.larkin@yahoo.com,"66820 Melany Crescent
Port Robb, MO 47143-8850","Mozilla/5.0 (Windows; U; Windows 95) AppleWebKit/534.47.7 (KHTML, like Gecko) Version/4.0 Safari/534.47.7",#be4535
"Coralie Cummings MD",442-268-2840,ospinka@dooley.com,"282 Claudie Curve
North Hans, SC 41542","Mozilla/5.0 (compatible; MSIE 9.0; Windows NT 4.0; Trident/4.0)",#ced494
"Prof. Imogene Lind",880.579.3709,tstoltenberg@bergnaum.com,"3266 Muller Plaza
East Krystalberg, MA 85634-9650","Mozilla/5.0 (Windows; U; Windows NT 5.2) AppleWebKit/534.37.5 (KHTML, like Gecko) Version/5.0.1 Safari/534.37.5",#7e89e7
"Dr. Queenie Ferry DDS",872.828.8010,borer.audreanne@zemlak.org,"1685 Alexane Mount
Kaleytown, OH 70675-9008","Mozilla/5.0 (Windows; U; Windows NT 6.2) AppleWebKit/533.1.2 (KHTML, like Gecko) Version/4.0.4 Safari/533.1.2",#2ddd96
"Leonel Cummings","(876) 469-2103",ncarter@becker.info,"49949 Mayert Land
Watersfort, OR 54546","Opera/8.32 (X11; Linux x86_64; sl-SI) Presto/2.10.237 Version/12.00",#72183b
"Nathen Bosco",1-995-959-6401,mayer.jeanette@raynor.org,"812 Estevan Rue Apt. 900
Kirkstad, MA 39563-2312","Mozilla/5.0 (X11; Linux x86_64) AppleWebKit/5341 (KHTML, like Gecko) Chrome/37.0.841.0 Mobile Safari/5341",#a2420f
"Stacey Corkery",1-574-635-7035,espencer@price.biz,"9604 Gusikowski Trafficway
Casimirshire, MA 40131","Mozilla/5.0 (Macintosh; Intel Mac OS X 10_6_6 rv:3.0) Gecko/20130403 Firefox/37.0",#14a008
"Kenyon Schulist",+1-763-542-0841,drew.grady@metz.com,"235 Berge Extensions
West Wilfredtown, PA 88631-7563","Mozilla/5.0 (X11; Linux x86_64) AppleWebKit/5360 (KHTML, like Gecko) Chrome/40.0.873.0 Mobile Safari/5360",#d656e7
"Prof. Melissa Gerhold",+1-879-438-8730,chelsie07@dach.info,"588 Schuster Throughway Suite 717
East Emersonland, MS 19019-5113","Mozilla/5.0 (X11; Linux x86_64) AppleWebKit/5312 (KHTML, like Gecko) Chrome/36.0.850.0 Mobile Safari/5312",#ce06c8
"Tomasa Keebler",+1-418-805-8695,smuller@yahoo.com,"120 Fadel Lights
North Madelineborough, WV 45631-8097","Mozilla/5.0 (Macintosh; U; Intel Mac OS X 10_6_0) AppleWebKit/5361 (KHTML, like Gecko) Chrome/40.0.803.0 Mobile Safari/5361",#88b291
"Augustus Baumbach","+1 (284) 270-1559",altenwerth.christy@towne.biz,"5100 Lauretta Fall Apt. 058
Port Rollinton, AR 47397","Mozilla/5.0 (iPhone; CPU iPhone OS 8_0_1 like Mac OS X; en-US) AppleWebKit/535.7.2 (KHTML, like Gecko) Version/4.0.5 Mobile/8B111 Safari/6535.7.2",#561840
"Horacio Armstrong",742.277.6107,seamus.casper@bradtke.net,"7525 Mohammad Trace
Jordynland, TX 15170-9473","Opera/9.42 (Windows 98; en-US) Presto/2.8.247 Version/10.00",#cd6e73
"Yadira Schinner",242.446.5991,autumn85@denesik.org,"8841 Hayes Meadows
Fabianstad, NY 15836-6970","Mozilla/5.0 (compatible; MSIE 10.0; Windows NT 6.2; Trident/5.0)",#9fb8b3
"Hildegard Morissette",+15164435788,freddy.hudson@denesik.info,"61454 Hills Run Apt. 894
Millsmouth, DE 48830","Mozilla/5.0 (X11; Linux x86_64; rv:5.0) Gecko/20230330 Firefox/37.0",#45012d
"Winona Reinger",+13859567350,zboncak.glenna@morissette.com,"9116 Lockman Street
Schummfurt, ID 10936","Mozilla/5.0 (X11; Linux x86_64; rv:7.0) Gecko/20131105 Firefox/36.0",#db61d3
"Reba Brakus","(829) 257-3004",freda.grant@gmail.com,"126 Bertha Run
West Hulda, SC 65855","Mozilla/5.0 (X11; Linux i686; rv:5.0) Gecko/20210831 Firefox/36.0",#784879
"Dr. Colt Kunde",871-836-2065,aglae23@raynor.net,"51540 Else Ramp
Isobelstad, MD 47852","Mozilla/5.0 (X11; Linux i686; rv:6.0) Gecko/20220511 Firefox/35.0",#b80e3f
"Elena Morissette",830-547-7489,steuber.mafalda@gmail.com,"5856 Hane Lakes Suite 412
East Tomasa, MA 15349","Opera/9.62 (Windows NT 5.2; en-US) Presto/2.9.189 Version/11.00",#341d0f
"Camilla Macejkovic",+1-396-299-8911,emma00@cummerata.com,"37559 Mathias Camp
New Francofort, MO 24680-0392","Mozilla/5.0 (Windows NT 4.0) AppleWebKit/5321 (KHTML, like Gecko) Chrome/37.0.844.0 Mobile Safari/5321",#277989
"Trevion Yundt",+1-657-828-0230,herminio24@yahoo.com,"99928 Glover Burg
New Mackenziehaven, KY 43265-2432","Mozilla/5.0 (Windows 95; sl-SI; rv:1.9.1.20) Gecko/20100410 Firefox/36.0",#484e8b
"Laisha Jaskolski",+1-689-892-2652,gerhard53@gmail.com,"838 Durward Glens
East Kaylahtown, CO 47128-4618","Opera/8.53 (X11; Linux i686; en-US) Presto/2.10.320 Version/11.00",#8c7d91
"Ethelyn Hodkiewicz","(743) 229-8975",xrath@okeefe.net,"73472 Griffin Tunnel Apt. 798
Port Lilafurt, VT 72716","Mozilla/5.0 (compatible; MSIE 6.0; Windows NT 6.1; Trident/5.0)",#23cb83
"Prof. Lonnie Hegmann DVM","+1 (397) 270-7894",bette.thompson@yahoo.com,"60836 Hermiston Flat
New Antonette, HI 12726","Mozilla/5.0 (Windows NT 4.0) AppleWebKit/5351 (KHTML, like Gecko) Chrome/36.0.858.0 Mobile Safari/5351",#0cb52b
"Jany Schamberger III",935.416.2786,giuseppe.yost@pagac.info,"96141 Jamal Route
New Connieborough, MI 01139","Mozilla/5.0 (Windows 95) AppleWebKit/5350 (KHTML, like Gecko) Chrome/39.0.806.0 Mobile Safari/5350",#116495
"Orlo Larson",+1.879.607.5928,pat31@pfeffer.com,"17848 Joey Underpass
Port Reggieborough, AK 78826","Mozilla/5.0 (Windows NT 5.2) AppleWebKit/5310 (KHTML, like Gecko) Chrome/36.0.832.0 Mobile Safari/5310",#e41c51
"Claudia Hodkiewicz PhD",608.750.4603,stefanie.stracke@block.com,"81561 Labadie Ferry
North Elfriedachester, ID 69236-1928","Mozilla/5.0 (Windows CE) AppleWebKit/5351 (KHTML, like Gecko) Chrome/40.0.845.0 Mobile Safari/5351",#70ea3f
"Mable Yost III",+13984068488,qmayer@barton.biz,"621 Crona Mission Apt. 491
Lake Brisa, NM 55874","Opera/8.35 (Windows 98; Win 9x 4.90; en-US) Presto/2.11.181 Version/12.00",#3f42df
"D'angelo Johnston",303-493-0153,esperanza75@yahoo.com,"9600 Kassulke Tunnel
North Candacehaven, NC 24495-4653","Mozilla/5.0 (Macintosh; PPC Mac OS X 10_5_0 rv:3.0; sl-SI) AppleWebKit/532.12.4 (KHTML, like Gecko) Version/4.1 Safari/532.12.4",#3c607f
"Lacey Frami MD",914.649.1624,roselyn10@abshire.com,"64994 Jacobi Mall Apt. 274
North Alycia, NV 78113-4101","Mozilla/5.0 (Windows NT 6.2) AppleWebKit/5322 (KHTML, like Gecko) Chrome/39.0.899.0 Mobile Safari/5322",#5d2d03
"Dr. Consuelo Spinka IV",441-304-7057,owiegand@blick.biz,"35894 Mills Turnpike
Port Jazminfort, KS 68974-2053","Mozilla/5.0 (compatible; MSIE 10.0; Windows NT 6.0; Trident/5.0)",#bbdcc0
"Serenity Beer","+1 (442) 907-6065",miles02@hotmail.com,"747 Kertzmann Prairie Apt. 516
Jerdeshire, OH 74436","Mozilla/5.0 (X11; Linux i686) AppleWebKit/5350 (KHTML, like Gecko) Chrome/37.0.805.0 Mobile Safari/5350",#31872b
"Sheridan Robel","(951) 414-6056",dee.terry@yahoo.com,"49337 Hahn Views
New Greta, AL 54464","Opera/8.74 (Windows NT 6.1; sl-SI) Presto/2.10.257 Version/11.00",#990a54
"Zelma Thiel MD",381-276-8668,nlarkin@lowe.com,"986 Dickens Mountains Apt. 861
Hansenchester, MN 83189","Opera/9.23 (Windows NT 5.1; en-US) Presto/2.10.263 Version/12.00",#34f5c2
"Aric Rodriguez",225.428.0986,gblock@schamberger.com,"583 Seamus Camp Suite 472
Itzelshire, DE 64229","Mozilla/5.0 (compatible; MSIE 8.0; Windows NT 4.0; Trident/5.1)",#b8918e
"Kade Bednar",232-491-0944,ygerhold@hotmail.com,"54978 Lester Vista Suite 906
New Melody, SD 44331","Mozilla/5.0 (X11; Linux x86_64; rv:6.0) Gecko/20211226 Firefox/35.0",#be8f94
"Nyah King",+1.495.519.9949,jhermann@kerluke.com,"2791 Janick Path
West Nelliechester, HI 49609-9298","Mozilla/5.0 (X11; Linux i686) AppleWebKit/5340 (KHTML, like Gecko) Chrome/36.0.897.0 Mobile Safari/5340",#6a0d36
"Dr. Harrison Bartell III","+1 (530) 794-9338",daugherty.holly@turcotte.com,"1453 Hilpert Radial
Pagacview, MN 97594","Opera/8.22 (X11; Linux i686; sl-SI) Presto/2.10.265 Version/10.00",#9286ce
"Janelle Schultz",+1-598-517-6136,maritza.moen@heller.com,"3736 Reilly Ways Suite 678
Shieldston, ND 05528","Opera/8.24 (X11; Linux x86_64; sl-SI) Presto/2.12.247 Version/12.00",#e26be2
"Ms. Alivia O'Connell DDS",+1.729.635.2272,jovanny.bernier@gmail.com,"75877 Myah Parkways
South Mikaylaville, OK 21386-8939","Mozilla/5.0 (Macintosh; U; Intel Mac OS X 10_8_1 rv:5.0; sl-SI) AppleWebKit/533.38.2 (KHTML, like Gecko) Version/4.1 Safari/533.38.2",#2cec0a
"Prof. Jon Lockman Jr.","(293) 999-9777",marks.taylor@connelly.biz,"76414 Conroy Mountain Apt. 697
Deltamouth, OH 70429-8030","Opera/9.66 (Windows CE; sl-SI) Presto/2.8.162 Version/12.00",#dddd5e
"Prof. Ezequiel Lemke",270-407-3728,bahringer.jeremie@rutherford.com,"689 Shania Plaza
Lake Darlene, GA 26211","Mozilla/5.0 (compatible; MSIE 5.0; Windows NT 5.1; Trident/3.0)",#6aaba1
"Mr. Brown Okuneva II",1-263-499-4884,carroll.daphne@wehner.net,"3007 Hermiston Meadow Apt. 059
Bergstromtown, UT 05493","Mozilla/5.0 (iPhone; CPU iPhone OS 8_1_1 like Mac OS X; sl-SI) AppleWebKit/533.45.1 (KHTML, like Gecko) Version/4.0.5 Mobile/8B111 Safari/6533.45.1",#e4cccc
"Miss Erika Schmeler",859-583-2747,makenna.kemmer@schroeder.com,"344 Haleigh Garden
New Amariburgh, KS 05734","Mozilla/5.0 (X11; Linux i686) AppleWebKit/5331 (KHTML, like Gecko) Chrome/38.0.888.0 Mobile Safari/5331",#12e334
"Clemens Hyatt",+17864704511,bwhite@gmail.com,"48608 Mckenna Trace
Quitzonview, NH 69961","Mozilla/5.0 (iPad; CPU OS 8_2_1 like Mac OS X; en-US) AppleWebKit/532.8.2 (KHTML, like Gecko) Version/4.0.5 Mobile/8B116 Safari/6532.8.2",#3e639a
"Rollin Nolan",+19438767204,lgreen@gmail.com,"728 Wolf Valley Apt. 717
Nienowburgh, AL 59410","Mozilla/5.0 (Macintosh; U; Intel Mac OS X 10_5_0 rv:5.0; sl-SI) AppleWebKit/531.21.1 (KHTML, like Gecko) Version/4.1 Safari/531.21.1",#d93fa9
"Walker Huels",735.908.7399,jenkins.virginia@hotmail.com,"5724 Karli Greens
New Obie, VT 92473","Mozilla/5.0 (iPad; CPU OS 7_2_2 like Mac OS X; sl-SI) AppleWebKit/534.10.6 (KHTML, like Gecko) Version/4.0.5 Mobile/8B117 Safari/6534.10.6",#2c7de0
"Bradly Torp",+1-491-512-5892,emory.johnston@yahoo.com,"369 Citlalli Summit Suite 891
New Jeniferburgh, NJ 06467-6993","Mozilla/5.0 (Windows; U; Windows NT 5.0) AppleWebKit/532.33.4 (KHTML, like Gecko) Version/4.0.4 Safari/532.33.4",#c5b47d
"Mrs. Jannie Ebert",590.506.4392,nlangworth@yahoo.com,"5689 Stehr Pine Apt. 935
Lake Jolieside, MT 69786","Mozilla/5.0 (Windows; U; Windows NT 5.0) AppleWebKit/531.35.6 (KHTML, like Gecko) Version/4.0 Safari/531.35.6",#7e9d12
"Rusty Wuckert",927.694.7052,shanel32@yahoo.com,"11091 Dana Walk
West Sylviatown, CA 05038-6268","Opera/8.71 (Windows NT 5.0; en-US) Presto/2.10.170 Version/10.00",#e5e8b4
"Ms. Adela Schinner","(440) 931-6951",isaac.howe@rosenbaum.net,"4678 Erick Lakes
Kingport, FL 46750-3969","Mozilla/5.0 (X11; Linux i686) AppleWebKit/5310 (KHTML, like Gecko) Chrome/38.0.869.0 Mobile Safari/5310",#57b7b0
"Dr. Christopher Beier","(227) 906-1262",zlarkin@gmail.com,"453 Terry Islands
East Maxineland, PA 34052","Opera/9.87 (X11; Linux x86_64; sl-SI) Presto/2.9.240 Version/11.00",#b1bfa9
"Noemi Heller II","(748) 464-7799",francisco22@gmail.com,"87279 Dennis Gardens Suite 261
Steuberbury, CA 14160","Opera/8.43 (Windows CE; sl-SI) Presto/2.9.308 Version/12.00",#c6e950
"Victor Gleichner",945-721-7407,sdibbert@kihn.com,"6967 Will Walks Suite 845
Doylefort, NV 55540","Mozilla/5.0 (iPad; CPU OS 7_2_2 like Mac OS X; sl-SI) AppleWebKit/533.2.3 (KHTML, like Gecko) Version/4.0.5 Mobile/8B117 Safari/6533.2.3",#5ae556
"Dr. Adeline Metz",+1-841-507-7032,justice.kautzer@yahoo.com,"2440 Frederique Centers
North Lavinaton, WV 70457-9532","Mozilla/5.0 (compatible; MSIE 6.0; Windows NT 6.0; Trident/3.0)",#cedf2d
"Miss Dannie Cronin",660-974-8390,auer.lamont@connelly.biz,"4730 Lesch Drive Suite 000
Lenorastad, GA 25222-1618","Mozilla/5.0 (X11; Linux i686; rv:7.0) Gecko/20110406 Firefox/36.0",#151277
"Mr. Valentin Hahn I",901.555.4957,shanny20@yahoo.com,"2833 Grady Shores
Lake Johnathan, CT 18112-6806","Opera/8.94 (Windows NT 5.0; en-US) Presto/2.11.223 Version/11.00",#b80f57
"Dr. Trevor Hane",641.698.9172,stone.gorczany@yahoo.com,"34437 Daugherty Land
East Chanelle, TN 94094-5188","Opera/8.63 (Windows NT 5.0; en-US) Presto/2.12.193 Version/11.00",#05941b
"Jerad Pagac",+1-778-238-3543,labadie.cassandre@hotmail.com,"974 Arnoldo Ridge
Beierfort, NE 70339","Mozilla/5.0 (compatible; MSIE 11.0; Windows NT 6.1; Trident/3.0)",#595b5e
"Kip Mraz III",1-353-286-2238,beier.clementina@bogisich.com,"47136 Thomas Drive
New Diego, NM 92896","Mozilla/5.0 (X11; Linux x86_64) AppleWebKit/5341 (KHTML, like Gecko) Chrome/37.0.823.0 Mobile Safari/5341",#640323
"Estelle Reynolds","(394) 819-0821",billy.kilback@ortiz.info,"43317 Kilback Forges Suite 264
North Katrinahaven, SD 91733","Mozilla/5.0 (compatible; MSIE 10.0; Windows 98; Trident/4.0)",#95d425
"Mr. Dennis Ebert",1-868-656-8419,tmarvin@barton.com,"4580 Jaime Terrace
Clovischester, NH 01550","Mozilla/5.0 (compatible; MSIE 6.0; Windows NT 4.0; Trident/4.1)",#8cc202
"Prof. Mario Graham Sr.",+1.318.273.4629,zemlak.chelsey@yahoo.com,"21512 Izabella Creek Apt. 165
Lake Cyrusfort, DC 17018-6710","Mozilla/5.0 (Windows NT 6.0) AppleWebKit/5342 (KHTML, like Gecko) Chrome/39.0.841.0 Mobile Safari/5342",#8353bd
"Timothy Koss",+1.463.729.4541,gracie.prosacco@hotmail.com,"251 Joany Loaf
Alainaside, MS 10470","Mozilla/5.0 (Windows 98) AppleWebKit/5322 (KHTML, like Gecko) Chrome/38.0.804.0 Mobile Safari/5322",#13f6b6
"Adrain Bahringer",238.342.3501,arturo.schmidt@stracke.com,"1506 Dicki Cove
West Soniachester, UT 65327","Mozilla/5.0 (Macintosh; PPC Mac OS X 10_8_2 rv:5.0) Gecko/20200207 Firefox/37.0",#44eb85
"Karl Franecki",+12935638571,iliana.senger@harvey.biz,"86946 Ozella Estates Apt. 388
Friedaburgh, NE 08303-2986","Mozilla/5.0 (iPhone; CPU iPhone OS 7_0_2 like Mac OS X; en-US) AppleWebKit/534.49.1 (KHTML, like Gecko) Version/4.0.5 Mobile/8B112 Safari/6534.49.1",#ad4d5c
"Janae Schinner",337.866.1464,bartoletti.deja@abbott.com,"58250 Aron Alley Apt. 054
Ednaton, NH 27115","Mozilla/5.0 (Macintosh; U; Intel Mac OS X 10_6_0) AppleWebKit/5332 (KHTML, like Gecko) Chrome/36.0.878.0 Mobile Safari/5332",#22e7b3
"Dr. Odessa Kub","(873) 900-1418",morar.name@hodkiewicz.com,"852 Kuhic Square Suite 407
North Gus, MD 76367","Mozilla/5.0 (compatible; MSIE 11.0; Windows NT 6.1; Trident/4.1)",#7d86bd
"Laisha Reilly MD",798.468.2211,ziemann.celine@kulas.com,"99419 Norene Cliff Apt. 567
Port Ashtynfurt, IA 69738","Mozilla/5.0 (Macintosh; PPC Mac OS X 10_8_5) AppleWebKit/5340 (KHTML, like Gecko) Chrome/38.0.820.0 Mobile Safari/5340",#c95938
"Dr. Eleanora Auer",525-827-7522,chelsey.schimmel@hotmail.com,"133 Colton Divide Apt. 654
Dietrichton, HI 52317-7533","Mozilla/5.0 (X11; Linux x86_64; rv:5.0) Gecko/20200807 Firefox/36.0",#ffc220
"Prof. Blaise Emmerich",690-677-7362,walker.zola@stracke.info,"220 Balistreri Ports
West Alexischester, MS 48098","Mozilla/5.0 (X11; Linux i686) AppleWebKit/5362 (KHTML, like Gecko) Chrome/40.0.853.0 Mobile Safari/5362",#7615de
"Geovanni Volkman",+14582312429,imitchell@kiehn.com,"86618 Maymie Falls
Alexisland, MD 17382-8296","Mozilla/5.0 (compatible; MSIE 10.0; Windows NT 5.0; Trident/4.0)",#061d77
"Lucie Goldner III",+1.223.664.9164,aspinka@hilpert.com,"8007 Kuhlman Springs
Port Leif, LA 95426-9168","Mozilla/5.0 (X11; Linux i686) AppleWebKit/5340 (KHTML, like Gecko) Chrome/39.0.857.0 Mobile Safari/5340",#0077ba
"Furman Watsica",695-669-5346,pollich.alan@mccullough.biz,"9712 Melyna Centers Apt. 245
Fisherton, TX 04699","Mozilla/5.0 (Macintosh; U; PPC Mac OS X 10_5_5 rv:5.0) Gecko/20130103 Firefox/36.0",#8442ce
"Dr. Keely Cummings",+1-345-592-7145,bulah85@hotmail.com,"43189 Ezra Estates Suite 971
Darianberg, TN 02886","Opera/9.83 (X11; Linux i686; sl-SI) Presto/2.12.345 Version/10.00",#61f24f
"Julien Baumbach","+1 (523) 748-9003",jweissnat@gmail.com,"94882 Eleazar Ridge
Lake Arne, MN 37022","Mozilla/5.0 (X11; Linux i686) AppleWebKit/5310 (KHTML, like Gecko) Chrome/36.0.872.0 Mobile Safari/5310",#170236
"Ernestine Armstrong",+1-470-321-4229,miguel93@murazik.org,"985 Gloria Union
Williamsonchester, WV 67599","Mozilla/5.0 (compatible; MSIE 9.0; Windows NT 6.2; Trident/3.0)",#939f0a
"Miss Henriette Tromp",791.342.8964,whitney.kuhn@gmail.com,"65915 Karelle Estate Suite 832
Namefort, PA 35676-1497","Opera/9.34 (Windows NT 5.2; en-US) Presto/2.12.260 Version/10.00",#4443d4
"Alanna Nolan",+15653135068,mcclure.nolan@gmail.com,"92188 Lynch Key Suite 993
Ericland, WV 03573-8826","Mozilla/5.0 (iPhone; CPU iPhone OS 7_2_2 like Mac OS X; en-US) AppleWebKit/533.18.2 (KHTML, like Gecko) Version/3.0.5 Mobile/8B111 Safari/6533.18.2",#5fffaf
"Eleonore Schroeder","+1 (561) 813-0057",pouros.elliott@yahoo.com,"848 Arnold Dale
South Leatha, NY 07089","Opera/8.21 (X11; Linux x86_64; sl-SI) Presto/2.11.173 Version/11.00",#2fd2b6
"Wilhelmine Greenfelder",+1.725.909.1323,zboncak.humberto@hotmail.com,"5534 Kyla Garden Suite 375
Allisonburgh, WA 79925-1576","Mozilla/5.0 (Macintosh; Intel Mac OS X 10_8_8) AppleWebKit/5341 (KHTML, like Gecko) Chrome/38.0.836.0 Mobile Safari/5341",#e34734
"Viva Kuhlman Sr.",+13024831360,kuvalis.laurine@sanford.com,"2512 Lakin Manor
Lake Myrticeville, IL 21042","Mozilla/5.0 (iPad; CPU OS 8_1_1 like Mac OS X; en-US) AppleWebKit/534.30.4 (KHTML, like Gecko) Version/4.0.5 Mobile/8B114 Safari/6534.30.4",#f02bc6
"Sierra Wehner",+19524393404,bayer.eloisa@batz.com,"507 Stamm Cliffs Suite 561
Port Hans, SD 68054","Opera/9.30 (X11; Linux x86_64; en-US) Presto/2.10.177 Version/12.00",#8d6f63
"Stephen Koelpin",340.331.5135,wuckert.brice@bogisich.info,"2240 Ratke Hollow Suite 481
Lake Delmer, NM 66121","Mozilla/5.0 (Macintosh; U; Intel Mac OS X 10_5_3 rv:4.0; sl-SI) AppleWebKit/533.2.2 (KHTML, like Gecko) Version/5.0.4 Safari/533.2.2",#be2f09
"Miss Adella Schuppe II",375.959.5667,hayes.jackson@denesik.org,"37990 Janice Meadow
Weissnatmouth, NC 65399-4741","Mozilla/5.0 (X11; Linux i686) AppleWebKit/5352 (KHTML, like Gecko) Chrome/39.0.826.0 Mobile Safari/5352",#7be28a
"Miss Ethyl Aufderhar I","(786) 386-5492",bswaniawski@yahoo.com,"7409 Jaskolski Green
Madiechester, VA 18769-4648","Mozilla/5.0 (Windows; U; Windows NT 5.1) AppleWebKit/531.47.1 (KHTML, like Gecko) Version/4.0.5 Safari/531.47.1",#fc436d
"Nellie Johnson II","+1 (478) 599-4751",jalyn26@lind.com,"452 Prosacco Ports Suite 606
Lake Javon, OH 65194-6270","Mozilla/5.0 (Macintosh; PPC Mac OS X 10_7_6 rv:4.0) Gecko/20210814 Firefox/36.0",#86ecd8
"Mr. Guido Bailey II","(734) 693-1500",candido99@hotmail.com,"7268 Rosanna Forge Suite 428
East Ashlynn, NC 87775","Mozilla/5.0 (compatible; MSIE 11.0; Windows NT 5.2; Trident/3.1)",#0522f5
"Bernhard Quitzon",+18704796068,jhettinger@boehm.com,"81885 Krystel Dam
New Annabellland, DC 91012-9888","Mozilla/5.0 (compatible; MSIE 9.0; Windows 95; Trident/4.1)",#d00e47
"Aiyana VonRueden",1-307-979-0060,mayra.bartoletti@brakus.com,"734 Jany Streets Apt. 188
New Chelsie, TN 50532-3234","Mozilla/5.0 (Windows; U; Windows 95) AppleWebKit/533.47.3 (KHTML, like Gecko) Version/4.1 Safari/533.47.3",#493c12
"Mr. Winfield Fay V",1-415-754-7765,jzieme@hermiston.org,"581 Cremin Meadows
Lake Ronberg, WA 32151-8479","Mozilla/5.0 (Macintosh; U; PPC Mac OS X 10_8_2 rv:4.0) Gecko/20160918 Firefox/36.0",#961515
"Zack Rath Sr.",1-664-674-2222,whackett@yahoo.com,"7429 Wunsch Fort
Javontechester, NV 65791","Mozilla/5.0 (Windows 98; Win 9x 4.90; en-US; rv:1.9.1.20) Gecko/20120911 Firefox/35.0",#ff1290
"Hazel Adams","(907) 969-6053",dayne.moore@schowalter.org,"28773 Borer Run Apt. 794
Adeleport, FL 24381","Mozilla/5.0 (Macintosh; Intel Mac OS X 10_8_5 rv:4.0) Gecko/20130513 Firefox/37.0",#efaedb
"Ms. Odie Cremin V",1-913-559-8647,reginald.lemke@hermann.info,"58749 Francisco Ridges Suite 809
South Friedrich, WI 59554-7958","Mozilla/5.0 (Macintosh; Intel Mac OS X 10_7_2 rv:2.0; sl-SI) AppleWebKit/533.12.3 (KHTML, like Gecko) Version/4.0.2 Safari/533.12.3",#23fc8b
"Dr. Charlie Kohler IV","(587) 924-4006",boyer.stephon@schamberger.org,"2103 Chelsie Crossroad
East Helenshire, MO 07053","Mozilla/5.0 (iPad; CPU OS 8_2_2 like Mac OS X; sl-SI) AppleWebKit/535.48.2 (KHTML, like Gecko) Version/4.0.5 Mobile/8B114 Safari/6535.48.2",#0c9254
"Prof. Romaine Heidenreich","(747) 274-6121",brown.schuyler@yahoo.com,"6348 Alda Curve Apt. 409
Lake Quintonfurt, MA 38453-0527","Mozilla/5.0 (X11; Linux i686; rv:6.0) Gecko/20171030 Firefox/36.0",#d89842